{
	"variables": [],
	"info": {
		"name": "A1",
		"_postman_id": "5b4fe5f2-78c4-1b42-0699-b891b9d94862",
		"description": "",
		"schema": "https://schema.getpostman.com/json/collection/v2.0.0/collection.json"
	},
	"item": [
		{
			"name": "http://localhost:9018/register",
			"request": {
				"url": "http://localhost:9018/register",
				"method": "POST",
				"header": [
					{
						"key": "Content-Type",
						"value": "application/json",
						"description": ""
					}
				],
				"body": {
					"mode": "raw",
					"raw": "{\"name\":\"hayley\",\"password\":\"123456\"\n}"
				},
				"description": ""
			},
			"response": []
		},
		{
			"name": "http://localhost:9018/login",
			"request": {
				"url": "http://localhost:9018/login",
				"method": "GET",
				"header": [
					{
						"key": "Content-Type",
						"value": "application/json",
						"description": ""
					},
					{
						"key": "Authorization",
						"value": "Basic bWFycnk6cGFzc3dvcmQ=",
						"description": ""
					}
				],
				"body": {},
				"description": ""
			},
			"response": []
		},
		{
			"name": "http://localhost:9018/user",
			"request": {
				"url": "http://localhost:9018/user",
				"method": "GET",
				"header": [
					{
						"key": "Content-Type",
						"value": "application/json",
						"description": ""
					},
					{
						"key": "Accept",
						"value": "application/json",
						"description": ""
					},
					{
						"key": "x-access-token",
						"value": "eyJ0eXAiOiJKV1QiLCJhbGciOiJIUzI1NiJ9.eyJpZCI6NCwiZXhwIjoxNjQyNzQ1NDUyfQ.jknsG8VcWpuMA66ea6AN492_5N-d-A8Ofm3obWxAWVw",
						"description": ""
					}
				],
				"body": {},
				"description": ""
			},
			"response": []
		},
		{
			"name": "http://localhost:9018/user/7",
			"request": {
				"url": "http://localhost:9018/user/7",
				"method": "PUT",
				"header": [
					{
						"key": "Content-Type",
						"value": "application/json",
						"description": ""
					},
					{
						"key": "Accept",
						"value": "application/json",
						"description": ""
					},
					{
						"key": "x-access-token",
						"value": "eyJ0eXAiOiJKV1QiLCJhbGciOiJIUzI1NiJ9.eyJpZCI6NCwiZXhwIjoxNjQyNzQ1NDUyfQ.jknsG8VcWpuMA66ea6AN492_5N-d-A8Ofm3obWxAWVw",
						"description": ""
					}
				],
				"body": {
					"mode": "raw",
					"raw": "{\"admin\":\"True\"}"
				},
				"description": ""
			},
			"response": []
		},
		{
			"name": "http://localhost:9018/user/1",
			"request": {
				"url": "http://localhost:9018/user/1",
				"method": "DELETE",
				"header": [
					{
						"key": "Content-Type",
						"value": "application/json",
						"description": ""
					},
					{
						"key": "x-access-token",
						"value": "eyJ0eXAiOiJKV1QiLCJhbGciOiJIUzI1NiJ9.eyJpZCI6NCwiZXhwIjoxNjQyNzQ1NDUyfQ.jknsG8VcWpuMA66ea6AN492_5N-d-A8Ofm3obWxAWVw",
						"description": ""
					}
				],
				"body": {
					"mode": "raw",
					"raw": ""
				},
				"description": ""
			},
			"response": []
		}
	]
}